Date;MGP-GAS
20161001;
20161002;15.63
20161003;
20161004;
20161005;
20161006;
20161007;17.1
20161008;
20161009;
20161010;17.85
20161011;18.175
20161012;17.85
20161013;
20161014;
20161015;17.5
20161016;17
20161017;
20161018;
20161019;18.5
20161020;
20161021;
20161022;
20161023;
20161024;
20161025;19.16
20161026;20
20161027;19.5
20161028;
20161029;18.3
20161030;
20161031;
20161101;
20161102;
20161103;
20161104;19.5
20161105;
20161106;18.2
20161107;20.8
20161108;
20161109;
20161110;
20161111;
20161112;19.377
20161113;18.9
20161114;19.4
20161115;20.212
20161116;22.726
20161117;22.516
20161118;20.02
20161119;
20161120;
20161121;
20161122;
20161123;18.5
20161124;18.6
20161125;
20161126;
20161127;18
20161128;
20161129;
20161130;
20161201;
20161202;
20161203;18.7
20161204;18.35
20161205;19.35
20161206;18.808
20161207;18.842
20161208;18.5
20161209;18.6
20161210;18.364
20161211;18.209
20161212;
20161213;19.915
20161214;20.132
20161215;19.769
20161216;19.873
20161217;19.505
20161218;19.2
20161219;21
20161220;22.298
20161221;20.825
20161222;21.603
20161223;20.922
20161224;19.645
20161225;18.475
20161226;18.543
20161227;
20161228;18.75
20161229;20.05
20161230;20.145
20161231;20.059
20170101;19.9
20170102;
20170103;21.767
20170104;20.603
20170105;21.307
20170106;21.074
20170107;21.5
20170108;20.793
20170109;24
20170110;25.512
20170111;31.526
20170112;32.262
20170113;24.929
20170114;23.026
20170115;23.513
20170116;27.451
20170117;22
20170118;23.011
20170119;22.628
20170120;22.05
20170121;21.74
20170122;21.274
20170123;22.351
20170124;22.712
20170125;22.375
20170126;22.339
20170127;22.135
20170128;21.022
20170129;21.475
20170130;21
20170131;22
20170201;23.359
20170202;23.95
20170203;23.646
20170204;22.662
20170205;22.129
20170206;23.05
20170207;22.617
20170208;22.089
20170209;21.613
20170210;21.696
20170211;20.721
20170212;20.338
20170213;21.063
20170214;
20170215;
20170216;
20170217;
20170218;
20170219;
20170220;
20170221;19.7
20170222;19.55
20170223;19.5
20170224;
20170225;19.2
20170226;
20170227;
20170228;
20170301;
20170302;18.861
20170303;
20170304;18.375
20170305;18.375
20170306;18.587
20170307;18.4
20170308;
20170309;
20170310;18.025
20170311;
20170312;
20170313;
20170314;
20170315;
20170316;17.97
20170317;17.7
20170318;17.493
20170319;17.405
20170320;
20170321;
20170322;17.475
20170323;
20170324;17.41
20170325;17.05
20170326;17
20170327;
20170328;
20170329;
20170330;17.1
20170331;17.069
20170401;16.917
20170402;16.955
20170403;17.6
20170404;
20170405;
20170406;18.368
20170407;18.346
20170408;17.95
20170409;17.95
20170410;
20170411;
20170412;17.525
20170413;17.65
20170414;17.65
20170415;17.662
20170416;17.516
20170417;17.5
20170418;
20170419;18.261
20170420;18.732
20170421;18.407
20170422;
20170423;
20170424;
20170425;18.592
20170426;
20170427;18.577
20170428;18.8
20170429;18.75
20170430;18.479
20170501;
20170502;
20170503;
20170504;18.891
20170505;18.5
20170506;17.979
20170507;17.951
20170508;18.2
20170509;18.216
20170510;18.125
20170511;18.155
20170512;18
20170513;
20170514;
20170515;17.975
20170516;
20170517;17.807
20170518;17.899
20170519;18
20170520;17.946
20170521;17.818
20170522;
20170523;17.947
20170524;18.184
20170525;18.15
20170526;17.957
20170527;17.975
20170528;17.893
20170529;
20170530;18.425
20170531;18.651
20170601;18.308
20170602;18.036
20170603;17.6
20170604;17.598
20170605;17.5
20170606;18.014
20170607;18.04
20170608;17.978
20170609;
20170610;18.093
20170611;18.089
20170612;18.283
20170613;18.169
20170614;17.925
20170615;17.95
20170616;17.816
20170617;17.719
20170618;17.433
20170619;17.843
20170620;18.046
20170621;18.142
20170622;18.195
20170623;18.175
20170624;18.053
20170625;17.918
20170626;18.16
20170627;18.209
20170628;18.246
20170629;18.353
20170630;18.4
20170701;17.866
20170702;15.949
20170703;17.85
20170704;17.839
20170705;18.15
20170706;18.29
20170707;18.188
20170708;17.224
20170709;17.115
20170710;18.517
20170711;
20170712;18.043
20170713;17.942
20170714;17.664
20170715;17.32
20170716;16.655
20170717;17.75
20170718;17.633
20170719;17.837
20170720;17.743
20170721;17.808
20170722;17.107
20170723;16.973
20170724;17.565
20170725;17.482
20170726;17.533
20170727;17.29
20170728;17.398
20170729;17.169
20170730;16.688
20170731;17.496
20170801;17.57
20170802;17.526
20170803;17.642
20170804;17.462
20170805;17.25
20170806;17.118
20170807;17.449
20170808;17.416
20170809;17.42
20170810;17.704
20170811;17.58
20170812;17.349
20170813;17.102
20170814;17.171
20170815;17
20170816;17.15
20170817;17.573
20170818;
20170819;17.513
20170820;17.326
20170821;17.884
20170822;18.209
20170823;18.247
20170824;18.552
20170825;18.663
20170826;18.547
20170827;18.479
20170828;18.905
20170829;18.963
20170830;18.51
20170831;18.632
20170901;18.519
20170902;18.251
20170903;17.535
20170904;18.215
20170905;18.32
20170906;18.734
20170907;18.982
20170908;18.813
20170909;18.615
20170910;17.564
20170911;18.814
20170912;18.652
20170913;18.326
20170914;18.609
20170915;18.671
20170916;18.198
20170917;17.787
20170918;18.854
20170919;19.113
20170920;18.849
20170921;18.854
20170922;18.856
20170923;18.45
20170924;17.803
20170925;19.429
20170926;19.651
20170927;19.82
20170928;19.716
20170929;19.418
20170930;18.308
20171001;17.719
20171002;18.686
20171003;18.899
20171004;18.969
20171005;19
20171006;19.314
20171007;18.623
20171008;18.391
20171009;
20171010;19.924
20171011;19.87
20171012;19.384
20171013;18.992
20171014;18.401
20171015;17.974
20171016;19.102
20171017;19.592
20171018;19.597
20171019;19.919
20171020;19.69
20171021;19.188
20171022;18.442
20171023;19.647
20171024;19.392
20171025;19.374
20171026;19.424
20171027;19.385
20171028;18.759
20171029;18.477
20171030;19.7
20171031;20.01
20171101;19.357
20171102;19.503
20171103;19.662
20171104;19.35
20171105;18.881
20171106;19.737
20171107;20.139
20171108;20.578
20171109;20.511
20171110;20.554
20171111;20.27
20171112;20.238
20171113;20.981
20171114;21.556
20171115;21.916
20171116;21.307
20171117;20.983
20171118;20.957
20171119;19.867
20171120;20.673
20171121;21.054
20171122;21.436
20171123;21.558
20171124;21.732
20171125;21.295
20171126;21.662
20171127;23.234
20171128;23.154
20171129;23.316
20171130;23.016
20171201;23.341
20171202;23.193
20171203;23.237
20171204;26.604
20171205;28.635
20171206;32.268
20171207;29.341
20171208;26.878
20171209;24.108
20171210;24.591
20171211;26
20171212;24.353
20171213;45.941
20171214;23.818
20171215;22.949
20171216;22.509
20171217;22.28
20171218;26.581
20171219;26.751
20171220;29.358
20171221;28.942
20171222;25.542
20171223;21.043
20171224;20.909
20171225;20.279
20171226;21.3
20171227;22.7
20171228;22
20171229;20.71
20171230;20.194
20171231;20.039
20180101;20.107
20180102;
20180103;20.272
20180104;20.167
20180105;20.046
20180106;19.665
20180107;19.734
20180108;20.355
20180109;20.191
20180110;20.541
20180111;20.636
20180112;20.56
20180113;20.693
20180114;20.321
20180115;21.14
20180116;20.6
20180117;20.202
20180118;19.672
20180119;19.646
20180120;19.271
20180121;19.285
20180122;19.5
20180123;19.368
20180124;19.513
20180125;19.983
20180126;19.329
20180127;18.917
20180128;18.908
20180129;
20180130;18.988
20180131;19.007
20180201;19.623
20180202;19.528
20180203;19.208
20180204;19.196
20180205;19.923
20180206;19.645
20180207;19.421
20180208;19.885
20180209;19.382
20180210;18.81
20180211;18.686
20180212;19.309
20180213;19.339
20180214;19.85
20180215;19.768
20180216;19.728
20180217;18.891
20180218;18.796
20180219;19.898
20180220;21.503
20180221;22.284
20180222;25.515
20180223;26.685
20180224;24.151
20180225;24.625
20180226;46.197
20180227;40.508
20180228;35.945
20180301;41.863
20180302;52.295
20180303;29.375
20180304;22.735
20180305;29.424
20180306;21.241
20180307;20.411
20180308;19.653
20180309;19.638
20180310;20.047
20180311;19.953
20180312;20.269
20180313;21.334
20180314;21.221
20180315;20.699
20180316;22.653
20180317;21.431
20180318;21.12
20180319;24.547
20180320;23.298
20180321;23.782
20180322;24.5
20180323;22.106
20180324;20.272
20180325;20.199
20180326;20.505
20180327;19.847
20180328;20.082
20180329;20.34
20180330;20.525
20180331;20.367
20180401;20.645
20180402;20.642
20180403;
20180404;20.543
20180405;21.369
20180406;20.937
20180407;21.059
20180408;20.679
20180409;21.175
20180410;21.571
20180411;22.076
20180412;22.527
20180413;22.268
20180414;22.282
20180415;22.015
20180416;22.452
20180417;22.851
20180418;21.952
20180419;21.725
20180420;21.821
20180421;21.855
20180422;21.786
20180423;22.044
20180424;22.623
20180425;22.029
20180426;22.162
20180427;22.173
20180428;22.002
20180429;21.993
20180430;22.23
20180501;21.934
20180502;22.135
20180503;22.206
20180504;22.041
20180505;22.015
20180506;21.984
20180507;22.213
20180508;22.699
20180509;22.885
20180510;23.061
20180511;22.864
20180512;22.952
20180513;22.877
20180514;23.216
20180515;23.444
20180516;23.814
20180517;23.626
20180518;24.117
20180519;23.834
20180520;23.851
20180521;24.192
20180522;24.176
20180523;24.947
20180524;24.864
20180525;24.742
20180526;23.215
20180527;23.089
20180528;23.858
20180529;23.892
20180530;24.358
20180531;24.733
20180601;24.695
20180602;22.938
20180603;23.065
20180604;23.616
20180605;24.402
20180606;23.835
20180607;23.645
20180608;23.785
20180609;23.384
20180610;23.42
20180611;23.962
20180612;23.49
20180613;23.917
20180614;24.342
20180615;24.691
20180616;23.972
20180617;23.905
20180618;24.145
20180619;24.21
20180620;24.004
20180621;23.979
20180622;23.629
20180623;23.36
20180624;23.311
20180625;23.911
20180626;23.751
20180627;23.698
20180628;24.119
20180629;24.135
20180630;23.752
20180701;23.632
20180702;24.242
20180703;24.505
20180704;24.843
20180705;24.851
20180706;24.85
20180707;24.398
20180708;24.134
20180709;24.899
20180710;25.079
20180711;25.375
20180712;25.032
20180713;24.475
20180714;24.039
20180715;23.747
20180716;24.309
20180717;24.403
20180718;24.017
20180719;24.215
20180720;24.577
20180721;23.898
20180722;23.371
20180723;24.345
20180724;24.259
20180725;24.369
20180726;24.479
20180727;24.244
20180728;23.315
20180729;23.023
20180730;24.077
20180731;24.117
20180801;24.309
20180802;24.384
20180803;24.359
20180804;23.954
20180805;23.68
20180806;24.696
20180807;25.047
20180808;25.299
20180809;24.878
20180810;24.731
20180811;24.385
20180812;24.205
20180813;24.703
20180814;25.424
20180815;25.264
20180816;25.233
20180817;25.016
20180818;24.665
20180819;24.597
20180820;25.28
20180821;25.158
20180822;25.604
20180823;25.685
20180824;25.811
20180825;25.438
20180826;25.089
20180827;26.48
20180828;26.795
20180829;27.444
20180830;27.673
20180831;28.009
20180901;26.82
20180902;26.705
20180903;27.467
20180904;28.107
20180905;28.752
20180906;28.756
20180907;29.177
20180908;28.61
20180909;28.077
20180910;29.512
20180911;30.536
20180912;30.2
20180913;29.542
20180914;28.596
20180915;27.956
20180916;27.378
20180917;28.762
20180918;30.007
20180919;29.335
20180920;29.807
20180921;30.564
20180922;29.145
20180923;28.709
20180924;30.04
20180925;32.056
20180926;31.366
20180927;30.089
20180928;29.483
20180929;28.388
20180930;27.756
20181001;28.949
20181002;28.625
20181003;29.618
20181004;28.825
20181005;28.922
20181006;28.122
20181007;27.776
20181008;28.709
20181009;28.631
20181010;28.286
20181011;27.543
20181012;26.63
20181013;26.256
20181014;25.947
20181015;27.448
20181016;27.459
20181017;27.126
20181018;26.815
20181019;26.809
20181020;26.711
20181021;26.339
20181022;27.579
20181023;27.098
20181024;26.357
20181025;26.344
20181026;25.922
20181027;25.278
20181028;25.229
20181029;25.612
20181030;25.811
20181031;25.633
20181101;24.334
20181102;24.172
20181103;23.914
20181104;23.662
20181105;24.164
20181106;23.892
20181107;23.446
20181108;24.057
20181109;24.39
20181110;23.668
20181111;23.672
20181112;23.689
20181113;25.31
20181114;25.896
20181115;25.96
20181116;26.222
20181117;26.571
20181118;26.501
20181119;27.148
20181120;25
20181121;25.863
20181122;25.452
20181123;25.005
20181124;24.724
20181125;24.623
20181126;25.162
20181127;24.56
20181128;25.366
20181129;24.95
20181130;25.39
20181201;25.037
20181202;24.774
20181203;25.329
20181204;26.019
20181205;25.543
20181206;25.102
20181207;24.285
20181208;23.845
20181209;23.58
20181210;24.379
20181211;24.626
20181212;26.292
20181213;26.828
20181214;27.677
20181215;26.066
20181216;25.89
20181217;26.637
20181218;27.687
20181219;27.042
20181220;26.261
20181221;25.655
20181222;25.054
20181223;24.952
20181224;24.835
20181225;24.24
20181226;24.348
20181227;24.789
20181228;24.112
20181229;23.863
20181230;23.87
20181231;23.948
20190101;23.11
20190102;23.021
20190103;23.779
20190104;23.939
20190105;23.851
20190106;23.588
20190107;24.386
20190108;23.712
20190109;24.561
20190110;25.515
20190111;24.699
20190112;24.082
20190113;23.231
20190114;24.097
20190115;23.655
20190116;23.813
20190117;24.099
20190118;24.531
20190119;24.572
20190120;23.61
20190121;25.057
20190122;24.14
20190123;24.686
20190124;24.749
20190125;23.742
20190126;22.64
20190127;22.72
20190128;23.526
20190129;23.434
20190130;23.576
20190131;23.514
20190201;22.42
20190202;21.308
20190203;21.159
20190204;21.346
20190205;21.059
20190206;21.172
20190207;21.029
20190208;21.186
20190209;20.307
20190210;20.228
20190211;20.335
20190212;19.795
20190213;19.832
20190214;19.937
20190215;20.205
20190216;20.107
20190217;19.96
20190218;20.674
20190219;20.463
20190220;20.722
20190221;21.338
20190222;20.653
20190223;19.914
20190224;20.043
20190225;20.479
20190226;19.698
20190227;19.524
20190228;19.728
20190301;19.755
20190302;19.528
20190303;19.413
20190304;19.577
20190305;19.603
20190306;19.512
20190307;19.207
20190308;18.943
20190309;18.666
20190310;18.633
20190311;18.696
20190312;18.731
20190313;18.827
20190314;18.228
20190315;18.221
20190316;17.954
20190317;17.829
20190318;18.007
20190319;17.82
20190320;18.153
20190321;18.117
20190322;17.87
20190323;17.262
20190324;17.181
20190325;17.409
20190326;17.347
20190327;17.524
20190328;17.986
20190329;17.859
20190330;17.148
20190331;17.16
20190401;17.437
20190402;17.521
20190403;17.342
20190404;17.755
20190405;18.711
20190406;19.856
20190407;19.422
20190408;19.849
20190409;20.397
20190410;20.684
20190411;20.843
20190412;20.353
20190413;20.18
20190414;20.106
20190415;20.308
20190416;19.606
20190417;19.101
20190418;19.39
20190419;18.738
20190420;17.604
20190421;17.325
20190422;16.155
20190423;
20190424;18.224
20190425;17.025
20190426;17.225
20190427;17.198
20190428;16.747
20190429;17.456
20190430;17.925
20190501;17.226
20190502;17.869
20190503;18.198
20190504;18.51
20190505;18.398
20190506;18.774
20190507;18.827
20190508;18.713
20190509;18.517
20190510;18.694
20190511;17.946
20190512;17.768
20190513;18.222
20190514;18.266
20190515;18.19
20190516;18.122
20190517;17.641
20190518;16.46
20190519;16.77
20190520;16.907
20190521;16.99
20190522;16.608
20190523;16.507
20190524;16.029
20190525;15.15
20190526;15.324
20190527;15.596
20190528;16.118
20190529;15.955
20190530;15.554
20190531;14.949
20190601;13.859
20190602;13.077
20190603;14.829
20190604;15.293
20190605;15.894
20190606;16.01
20190607;15.25
20190608;13.863
20190609;13.488
20190610;14.637
20190611;15.378
20190612;14.665
20190613;14.447
20190614;14.708
20190615;13.878
20190616;13.924
20190617;14.236
20190618;14.937
20190619;14.813
20190620;14.071
20190621;13.473
20190622;13.445
20190623;13.486
20190624;13.937
20190625;14.279
20190626;14.052
20190627;13.672
20190628;13.255
20190629;13.037
20190630;12.861
20190701;13.065
20190702;14.071
20190703;13.894
20190704;13.428
20190705;13.533
20190706;12.404
20190707;11.838
20190708;13.204
20190709;13.694
20190710;14.197
20190711;13.757
20190712;13.807
20190713;13.167
20190714;12.808
20190715;13.799
20190716;14.654
20190717;12.739
20190718;12.347
20190719;12.203
20190720;11.364
20190721;11.19
20190722;12.522
20190723;11.86
20190724;12.127
20190725;12.082
20190726;11.463
20190727;10.828
20190728;10.597
20190729;11.413
20190730;11.463
20190731;11.325
20190801;12.183
20190802;12.902
20190803;12.983
20190804;11.775
20190805;12.685
20190806;11.923
20190807;11.59
20190808;11.825
20190809;11.409
20190810;10.743
20190811;10.829
20190812;11.44
20190813;11.63
20190814;11.492
20190815;10.517
20190816;10.563
20190817;10.377
20190818;10.218
20190819;10.742
20190820;10.655
20190821;10.913
20190822;11.15
20190823;11.088
20190824;10.883
20190825;10.796
20190826;11.872
20190827;12.345
20190828;12.738
20190829;12.72
20190830;12.735
20190831;11.56
20190901;12.111
20190902;13.647
20190903;11.84
20190904;12.416
20190905;12.131
20190906;12.063
20190907;11.844
20190908;11.29
20190909;13.062
20190910;12.578
20190911;14.059
20190912;13.721
20190913;13.423
20190914;12.281
20190915;11.852
20190916;13.06
20190917;13.218
20190918;12.46
20190919;12.876
20190920;13.478
20190921;11.988
20190922;11.145
20190923;12.603
20190924;12.811
20190925;13.348
20190926;13.425
20190927;13.388
20190928;12.104
20190929;10.836
20190930;12.471
20191001;11.843
20191002;11.243
20191003;11.728
20191004;17.255
20191005;13.08
20191006;11.658
20191007;16.116
20191008;14.497
20191009;13.469
20191010;15.091
20191011;13.035
20191012;10.205
20191013;8.72
20191014;11.837
20191015;11.8
20191016;13.251
20191017;13.4
20191018;13.997
20191019;11.796
20191020;11.57
20191021;14.751
20191022;15.394
20191023;13.878
20191024;12.407
20191025;12.402
20191026;11.408
20191027;10.258
20191028;13.227
20191029;13.367
20191030;13.334
20191031;12.749
20191101;11.74
20191102;11.612
20191103;10.525
20191104;13.562
20191105;14.529
20191106;16.131
20191107;15.879
20191108;15.937
20191109;16.081
20191110;15.427
20191111;17.011
20191112;16.939
20191113;16.944
20191114;17.113
20191115;16.942
20191116;16.264
20191117;16.418
20191118;16.908
20191119;16.978
20191120;17.011
20191121;17.004
20191122;17.02
20191123;17.076
20191124;16.768
20191125;17.19
20191126;17.751
20191127;17.245
20191128;16.939
20191129;16.56
20191130;16.303
20191201;16.372
20191202;16.695
20191203;16.472
20191204;16.771
20191205;16.872
20191206;16.439
20191207;15.841
20191208;15.533
20191209;15.808
20191210;15.409
20191211;15.557
20191212;15.802
20191213;16.268
20191214;14.674
20191215;14.656
20191216;15.188
20191217;14.592
20191218;14.387
20191219;14.313
20191220;14.305
20191221;13.852
20191222;13.704
20191223;13.898
20191224;13.164
20191225;12.129
20191226;12.154
20191227;12.452
20191228;12.832
20191229;12.883
20191230;13.286
20191231;13.773
20200101;12.78
20200102;12.844
20200103;12.755
20200104;12.99
20200105;12.835
20200106;13.007
20200107;14.259
20200108;13.978
20200109;14.192
20200110;14.151
20200111;13.528
20200112;13.548
20200113;14.312
20200114;14.692
20200115;13.741
20200116;13.54
20200117;13.431
20200118;12.856
20200119;12.814
20200120;13.349
20200121;13.142
20200122;13.259
20200123;13.165
20200124;13.133
20200125;12.472
20200126;12.305
20200127;13.157
20200128;12.802
20200129;12.2
20200130;11.987
20200131;11.465
20200201;11.003
20200202;10.982
20200203;11.407
20200204;10.742
20200205;11.438
20200206;11.555
20200207;10.975
20200208;10.48
20200209;10.428
20200210;10.841
20200211;10.356
20200212;10.397
20200213;10.481
20200214;10.354
20200215;10.254
20200216;10.241
20200217;10.495
20200218;10.672
20200219;11.061
20200220;10.935
20200221;11.027
20200222;10.828
20200223;10.809
20200224;10.991
20200225;10.365
20200226;10.353
20200227;10.622
20200228;10.51
20200229;10.12
20200301;10.057
20200302;10.488
20200303;11.109
20200304;12.058
20200305;11.996
20200306;10.57
20200307;10.311
20200308;10.265
20200309;10.73
20200310;10.387
20200311;10.788
20200312;10.775
20200313;10.314
20200314;10.22
20200315;10.206
20200316;10.393
20200317;9.456
20200318;9.537
20200319;9.359
20200320;9.56
20200321;9.365
20200322;9.489
20200323;10.214
20200324;9.904
20200325;9.731
20200326;9.609
20200327;9.354
20200328;9.115
20200329;8.801
20200330;9.029
20200331;8.673
20200401;9.548
20200402;9.607
20200403;9.255
20200404;8.7
20200405;8.712
20200406;9.024
20200407;9.258
20200408;9.444
20200409;9.036
20200410;8.568
20200411;8.331
20200412;8.327
20200413;8.426
20200414;8.662
20200415;8.56
20200416;8.547
20200417;8.886
20200418;8.448
20200419;8.391
20200420;8.649
20200421;8.701
20200422;8.643
20200423;8.284
20200424;7.939
20200425;7.815
20200426;7.771
20200427;8.224
20200428;8.453
20200429;8.333
20200430;8.198
20200501;7.475
20200502;7.043
20200503;6.945
20200504;7.622
20200505;7.488
20200506;7.375
20200507;7.421
20200508;7.037
20200509;6.918
20200510;6.863
20200511;7.176
20200512;7.373
20200513;7.057
20200514;6.691
20200515;6.737
20200516;6.344
20200517;6.317
20200518;6.566
20200519;6.583
20200520;6.313
20200521;6.16
20200522;5.295
20200523;5.294
20200524;5.253
20200525;5.603
20200526;6.777
20200527;6.248
20200528;6.098
20200529;6.074
20200530;5.814
20200531;5.662
20200601;5.034
20200602;4.645
20200603;5.056
20200604;5.751
20200605;5.736
20200606;5.697
20200607;5.664
20200608;5.798
20200609;6.305
20200610;6.067
20200611;5.798
20200612;5.748
20200613;5.56
20200614;5.539
20200615;6.061
20200616;6.936
20200617;6.81
20200618;6.841
20200619;6.365
20200620;5.801
20200621;5.723
20200622;6.263
20200623;6.199
20200624;6.632
20200625;7.032
20200626;6.413
20200627;5.478
20200628;5.498
20200629;6.243
20200630;6.563
20200701;7.386
20200702;6.796
20200703;6.46
20200704;6.044
20200705;5.918
20200706;6.5
20200707;6.415
20200708;6.819
20200709;6.901
20200710;6.713
20200711;5.681
20200712;5.575
20200713;6.288
20200714;6.541
20200715;6.448
20200716;6.817
20200717;6.457
20200718;6.029
20200719;6.015
20200720;6.384
20200721;6.337
20200722;6.385
20200723;6.344
20200724;6.601
20200725;6.084
20200726;6.005
20200727;6.576
20200728;6.634
20200729;6.762
20200730;6.795
20200731;6.624
20200801;5.94
20200802;5.777
20200803;6.828
20200804;8.007
20200805;8.801
20200806;8.304
20200807;8.813
20200808;7.813
20200809;7.727
20200810;8.34
20200811;8.397
20200812;8.08
20200813;8.039
20200814;8.063
20200815;7.127
20200816;7.039
20200817;7.865
20200818;8.455
20200819;9.008
20200820;8.547
20200821;8.062
20200822;6.995
20200823;6.889
20200824;7.516
20200825;8.565
20200826;9.435
20200827;10.096
20200828;9.856
20200829;10.389
20200830;9.574
20200831;10.447
20200901;11.712
20200902;11.772
20200903;11.993
20200904;12.299
20200905;11.91
20200906;11.557
20200907;12.545
20200908;12.312
20200909;11.489
20200910;11.674
20200911;11.37
20200912;10.345
20200913;10.305
20200914;10.524
20200915;11.029
20200916;11.02
20200917;11.532
20200918;11.279
20200919;10.661
20200920;10.55
20200921;11.117
20200922;11.626
20200923;11.806
20200924;11.971
20200925;11.637
20200926;10.393
20200927;10.326
20200928;11.449
20200929;12.542
20200930;12.943
20201001;12.119
20201002;12.419
20201003;11.048
20201004;11.064
20201005;12.019
20201006;12.648
20201007;12.547
20201008;12.709
20201009;12.493
20201010;11.802
20201011;11.619
20201012;12.805
20201013;14.02
20201014;13.569
20201015;13.77
20201016;13.919
20201017;13.241
20201018;13.222
20201019;14.318
20201020;14.966
20201021;14.9
20201022;14.734
20201023;14.964
20201024;14.129
20201025;14.029
20201026;15.086
20201027;14.618
20201028;14.208
20201029;13.822
20201030;13.612
20201031;13.166
20201101;13.015
20201102;13.586
20201103;13.619
20201104;13.555
20201105;13.501
20201106;13.555
20201107;13.115
20201108;13.135
20201109;13.47
20201110;13.537
20201111;13.824
20201112;14.049
20201113;13.917
20201114;13.964
20201115;14.072
20201116;13.994
20201117;14.04
20201118;13.722
20201119;13.683
20201120;13.599
20201121;15.012
20201122;14.963
20201123;13.61
20201124;14.185
20201125;14.134
20201126;14.346
20201127;14.292
20201128;14.333
20201129;14.317
20201130;15.093
20201201;15.764
20201202;16.327
20201203;16.126
20201204;15.97
20201205;14.84
20201206;14.703
20201207;15.543
20201208;14.85
20201209;15.146
20201210;15.57
20201211;16.152
20201212;15.98
20201213;15.926
20201214;16.935
20201215;17.549
20201216;17.356
20201217;17.349
20201218;16.372
20201219;16.043
20201220;15.971
20201221;16.262
20201222;17.055
20201223;17.91
20201224;16.645
20201225;16.193
20201226;16.175
20201227;16.745
20201228;17.598
20201229;19.166
20201230;18.514
20201231;17.544
20210101;16.868
20210102;16.768
20210103;16.715
20210104;17.23
20210105;19.163
20210106;17.749
20210107;18.931
20210108;20.423
20210109;18.979
20210110;18.858
20210111;22.655
20210112;26.731
20210113;27.809
20210114;22.276
20210115;22.118
20210116;19.718
20210117;19.397
20210118;22.182
20210119;20.576
20210120;20.929
20210121;20.491
20210122;18.878
20210123;18.337
20210124;18.358
20210125;20.399
20210126;20.208
20210127;19.644
20210128;19.166
20210129;18.698
20210130;18.108
20210131;17.982
20210201;19.761
20210202;18.678
20210203;19.432
20210204;18.24
20210205;17.63
20210206;17.761
20210207;17.737
20210208;18.614
20210209;19.535
20210210;19.507
20210211;20.425
20210212;19.545
20210213;19.096
20210214;19.069
20210215;21.629
20210216;18.989
20210217;18.078
20210218;18.117
20210219;17.984
20210220;17.062
20210221;17.015
20210222;17.453
20210223;16.651
20210224;16.717
20210225;16.576
20210226;16.564
20210227;16.088
20210228;16.085
20210301;16.387
20210302;16.959
20210303;16.657
20210304;16.409
20210305;16.601
20210306;16.909
20210307;16.943
20210308;17.17
20210309;17.579
20210310;17.794
20210311;18.221
20210312;18.441
20210313;18.645
20210314;18.665
20210315;19.145
20210316;18.98
20210317;18.257
20210318;18.556
20210319;18.911
20210320;18.425
20210321;18.397
20210322;18.51
20210323;19.185
20210324;19.42
20210325;19.497
20210326;19.383
20210327;19.364
20210328;19.332
20210329;19.53
20210330;18.94
20210331;18.912
20210401;19.073
20210402;19.277
20210403;18.45
20210404;18.3
20210405;18.287
20210406;20.237
20210407;21.282
20210408;21.445
20210409;20.607
20210410;20.127
20210411;20.086
20210412;20.663
20210413;22.921
20210414;22.957
20210415;22.883
20210416;22.861
20210417;22.455
20210418;22.165
20210419;22.803
20210420;23.487
20210421;23.082
20210422;22.691
20210423;22.793
20210424;20.214
20210425;19.838
20210426;21.81
20210427;23.305
20210428;22.922
20210429;22.874
20210430;23.327
20210501;23.333
20210502;22.969
20210503;24.425
20210504;25.818
20210505;25.152
20210506;25.227
20210507;25.797
20210508;24.311
20210509;24.279
20210510;24.844
20210511;26.396
20210512;26.579
20210513;27.303
20210514;26.271
20210515;25.76
20210516;25.613
20210517;26.998
20210518;27.422
20210519;26.599
20210520;23.708
20210521;24.794
20210522;23.789
20210523;23.506
20210524;25.215
20210525;25.794
20210526;26.868
20210527;27.7
20210528;26.497
20210529;24.817
20210530;24.683
20210531;25.758
20210601;25.001
20210602;24.627
20210603;24.86
20210604;25.174
20210605;24.752
20210606;24.712
20210607;25.613
20210608;26.071
20210609;27.525
20210610;27.387
20210611;27.19
20210612;25.948
20210613;25.984
20210614;26.52
20210615;28.368
20210616;27.941
20210617;28.144
20210618;28.026
20210619;27.605
20210620;27.588
20210621;29.517
20210622;30.292
20210623;30.766
20210624;31.759
20210625;31.731
20210626;30.846
20210627;30.598
20210628;31.788
20210629;32.32
20210630;33.889
20210701;35.933
20210702;36.322
20210703;34.543
20210704;34.498
20210705;35.491
20210706;36.646
20210707;34.586
20210708;33.69
20210709;32.706
20210710;34.477
20210711;34.04
20210712;35.842
20210713;35.589
20210714;35.239
20210715;34.596
20210716;33.856
20210717;33.584
20210718;33.545
20210719;34.59
20210720;35.914
20210721;34.862
20210722;35.858
20210723;35.78
20210724;33.92
20210725;33.766
20210726;35.047
20210727;36.736
20210728;37.415
20210729;38.875
20210730;40.032
20210731;37.419
20210801;36.963
20210802;38.178
20210803;40.713
20210804;40.711
20210805;40.518
20210806;39.991
20210807;40.659
20210808;40.52
20210809;40.974
20210810;40.705
20210811;42.379
20210812;43.414
20210813;43.944
20210814;42.43
20210815;42.276
20210816;42.596
20210817;45.588
20210818;45.218
20210819;44.12
20210820;39.407
20210821;39.307
20210822;39.137
20210823;40.065
20210824;41.381
20210825;44.137
20210826;45.193
20210827;45.196
20210828;45.184
20210829;45.089
20210830;46.481
20210831;49.134
20210901;49.207
20210902;51.212
20210903;51.398
20210904;50.611
20210905;50.048
20210906;51.743
20210907;52.66
20210908;53.08
20210909;54.799
20210910;56.229
20210911;56.174
20210912;55.677
20210913;57.153
20210914;61.799
20210915;66.074
20210916;72.507
20210917;63.96
20210918;62.012
20210919;61.941
20210920;63.462
20210921;71.924
20210922;72.556
20210923;70.081
20210924;68.874
20210925;66.988
20210926;66.604
20210927;68.898
20210928;75.93
20210929;80.851
20210930;81.9
20211001;90.158
20211002;86.892
20211003;82.639
20211004;90.958
20211005;92.467
20211006;109.169
20211007;116.647
20211008;97.079
20211009;80.038
20211010;78.362
20211011;88.219
20211012;84.586
20211013;83.75
20211014;89.239
20211015;96.896
20211016;90.316
20211017;89.667
20211018;93.192
20211019;95.642
20211020;89.713
20211021;90.611
20211022;87.65
20211023;84.925
20211024;84.851
20211025;87.437
20211026;89.423
20211027;88.483
20211028;86.48
20211029;78.009
20211030;66.148
20211031;65.61
20211101;63.575
20211102;64.907
20211103;67.376
20211104;75.029
20211105;73.536
20211106;69.922
20211107;69.752
20211108;70.615
20211109;77.789
20211110;74.125
20211111;66.75
20211112;71.848
20211113;73.019
20211114;72.924
20211115;74.232
20211116;78.913
20211117;88.95
20211118;97.666
20211119;91.971
20211120;85.738
20211121;85.421
20211122;86.774
20211123;83.906
20211124;91.577
20211125;93.397
20211126;94.187
20211127;88.979
20211128;88.791
20211129;92.029
20211130;95.59
20211201;99.94
20211202;97.748
20211203;94.95
20211204;92.349
20211205;91.452
20211206;95.37
20211207;92.916
20211208;97.522
20211209;103.578
20211210;104.491
20211211;105.516
20211212;106.41
20211213;107.532
20211214;119.291
20211215;125.062
20211216;130.925
20211217;136.956
20211218;136.307
20211219;136.937
20211220;139.205
20211221;154.836
20211222;183.775
20211223;178.986
20211224;138.052
20211225;101.078
20211226;94.302
20211227;91.725
20211228;90.816
20211229;95.119
20211230;92.037
20211231;78.478
20220101;67.166
20220102;64.028
20220103;72.217
20220104;73.042
20220105;92.129
20220106;91.158
20220107;95.559
20220108;91.197
20220109;90.867
20220110;92.628
20220111;91.513
20220112;87.702
20220113;86.908
20220114;87.377
20220115;90.025
20220116;89.289
20220117;93.673
20220118;84.084
20220119;82.131
20220120;78.987
20220121;78.954
20220122;80.873
20220123;81.003
20220124;84.802
20220125;98.169
20220126;98.108
20220127;95.057
20220128;95.005
20220129;92.745
20220130;92.416
20220131;95.358
20220201;88.131
20220202;78.341
20220203;80.323
20220204;81.356
20220205;84.126
20220206;83.648
20220207;84.127
20220208;80.988
20220209;82.803
20220210;79.676
20220211;77.247
20220212;76.769
20220213;76.74
20220214;78.327
20220215;84.286
20220216;76.302
20220217;71.825
20220218;73.994
20220219;72.49
20220220;72.787
20220221;73.892
20220222;74.469
20220223;79.994
20220224;88.1
20220225;124.566
20220226;95.438
20220227;95.263
20220228;103.539
20220301;105.896
20220302;116.722
20220303;165.689
20220304;164.773
20220305;181.274
20220306;179.504
20220307;192.775
20220308;238.773
20220309;209.088
20220310;159.577
20220311;132.078
20220312;123.183
20220313;122.405
20220314;123.314
20220315;115.592
20220316;116.047
20220317;103.657
20220318;103.457
20220319;96.626
20220320;96.646
20220321;100.828
20220322;96.55
20220323;95.006
20220324;106.072
20220325;111.703
20220326;98.226
20220327;96.117
20220328;98.513
20220329;100.45
20220330;109.466
20220331;117.829
20220401;121.114
20220402;120.682
20220403;120.765
20220404;120.984
20220405;113.333
20220406;111.225
20220407;108.684
20220408;103.859
20220409;104.491
20220410;104.866
20220411;108.476
20220412;106.89
20220413;107.479
20220414;108.795
20220415;100.897
20220416;92.073
20220417;89.829
20220418;89.577
20220419;92.483
20220420;99.294
20220421;101.284
20220422;101.426
20220423;97.529
20220424;97.735
20220425;96.543
20220426;100.595
20220427;96.879
20220428;108.58
20220429;101.592
20220430;96.662
20220501;93.903
20220502;96.807
20220503;98.342
20220504;99.629
20220505;103.617
20220506;101.816
20220507;93.354
20220508;93.072
20220509;96.037
20220510;92.198
20220511;88.783
20220512;91.7
20220513;98.535
20220514;91.123
20220515;91.122
20220516;92.806
20220517;94.87
20220518;94.8
20220519;96.606
20220520;94.726
20220521;85.96
20220522;84.793
20220523;86.112
20220524;83.036
20220525;84.112
20220526;84.583
20220527;84.163
20220528;83.948
20220529;83.753
20220530;84.884
20220531;90.391
20220601;91.379
20220602;81.989
20220603;82.624
20220604;78.183
20220605;77.431
20220606;82.365
20220607;81.008
20220608;78.906
20220609;78.092
20220610;83.962
20220611;80.107
20220612;79.753
20220613;80.701
20220614;82.232
20220615;92.47
20220616;109.278
20220617;132.735
20220618;118.397
20220619;117.375
20220620;119.146
20220621;123.269
20220622;124.51
20220623;128.813
20220624;135.599
20220625;130.869
20220626;130.667
20220627;136.198
20220628;136.49
20220629;135.654
20220630;144.367
20220701;155.454
20220702;149.894
20220703;150.225
20220704;151.091
20220705;173.564
20220706;180.669
20220707;173.702
20220708;187.192
20220709;178.827
20220710;176.605
20220711;177.53
20220712;175.903
20220713;177.702
20220714;186.662
20220715;181.291
20220716;164.894
20220717;163.296
20220718;166.084
20220719;165.894
20220720;166.367
20220721;164.99
20220722;156.062
20220723;165.397
20220724;165.894
20220725;167.884
20220726;175.485
20220727;204.003
20220728;216.049
20220729;210.056
20220730;194.798
20220731;191.995
20220801;195.512
20220802;202.59
20220803;207.214
20220804;205.367
20220805;200.239
20220806;197.629
20220807;196.446
20220808;197.56
20220809;195.797
20220810;190.628
20220811;202.09
20220812;209.273
20220813;201.776
20220814;201.036
20220815;201.196
20220816;211.908
20220817;234.47
20220818;231.322
20220819;232.828
20220820;238.658
20220821;239.418
20220822;243.767
20220823;282.263
20220824;270.89
20220825;287.778
20220826;312.448
20220827;305.387
20220828;285.681
20220829;292.106
20220830;278.812
20220831;260.308
20220901;252.118
20220902;230.527
20220903;191.227
20220904;194.489
20220905;199.268
20220906;232.02
20220907;219.011
20220908;216.776
20220909;200.799
20220910;190.872
20220911;189.277
20220912;196.135
20220913;188.611
20220914;191.163
20220915;210.862
20220916;208.308
20220917;166.124
20220918;165.707
20220919;171.912
20220920;166.19
20220921;171.369
20220922;185.499
20220923;175.591
20220924;162.534
20220925;161.88
20220926;166.199
20220927;153.868
20220928;134.718
20220929;158.619
20220930;163.653
20221001;135.719
20221002;138.949
20221003;160.444
20221004;139.549
20221005;108.96
20221006;98.323
20221007;129.63
20221008;110.795
20221009;108.089
20221010;113.038
20221011;107.034
20221012;108.317
20221013;107.998
20221014;97.077
20221015;65.753
20221016;64.55
20221017;70.862
20221018;66.155
20221019;64.912
20221020;73.02
20221021;65.813
20221022;40.989
20221023;37.679
20221024;42.481
20221025;33.512
20221026;40.49
20221027;52.566
20221028;38.142
20221029;23.692
20221030;23.291
20221031;36.856
20221101;38.245
20221102;27.134
20221103;51.347
20221104;76.939
20221105;55.871
20221106;54.933
20221107;63.776
20221108;65.879
20221109;91.474
20221110;96.372
20221111;83.25
20221112;66.789
20221113;67.421
20221114;77.879
20221115;107.208
20221116;117.637
20221117;102.518
20221118;99.261
20221119;97.161
20221120;97.225
20221121;108.424
20221122;111.038
20221123;115.477
20221124;124.52
20221125;121.263
20221126;114.756
20221127;114.725
20221128;125.329
20221129;124.382
20221130;133.429
20221201;146.047
20221202;146.238
20221203;130.677
20221204;130.604
20221205;138.592
20221206;138.954
20221207;139.964
20221208;146.13
20221209;142.713
20221210;136.108
20221211;137.752
20221212;146.431
20221213;140.774
20221214;142.903
20221215;135.189
20221216;135.9
20221217;115.442
20221218;115.178
20221219;120.34
20221220;106.969
20221221;104.858
20221222;95.148
20221223;86.879
20221224;78.864
20221225;77.693
20221226;78.753
20221227;81.733
20221228;79.452
20221229;75.742
20221230;77.884
20221231;71.387
20230101;70.537
20230102;73.8
20230103;72.495
20230104;72.638
20230105;67.685
20230106;65.478
20230107;66.47
20230108;67.149
20230109;71.758
20230110;74.635
20230111;73.47
20230112;69.696
20230113;70.715
20230114;66.425
20230115;66.213
20230116;67.303
20230117;59.178
20230118;63.413
20230119;67.012
20230120;66.638
20230121;69.367
20230122;70.203
20230123;72.614
20230124;72.569
20230125;66.182
20230126;63.087
20230127;62.656
20230128;62.779
20230129;62.588
20230130;61.362
20230131;60.821
20230201;61.988
20230202;62.822
20230203;59.549
20230204;59.406
20230205;59.405
20230206;63.683
20230207;63.28
20230208;61.199
20230209;59.283
20230210;58.509
20230211;57.188
20230212;57.053
20230213;57.85
20230214;55.9
20230215;56.409
20230216;57.696
20230217;56.187
20230218;51.663
20230219;51.7
20230220;52.754
20230221;52.943
20230222;51.324
20230223;51.728
20230224;51.407
20230225;51.516
20230226;51.899
20230227;55.264
20230228;52.973
20230301;51.826
20230302;52.392
20230303;51.642
20230304;47.502
20230305;47.317
20230306;48.994
20230307;44.932
20230308;45.924
20230309;43.738
20230310;41.338
20230311;48.048
20230312;47.982
20230313;50.659
20230314;51.174
20230315;47.414
20230316;45.647
20230317;46.367
20230318;44.95
20230319;44.586
20230320;45.059
20230321;43.341
20230322;44.369
20230323;44.43
20230324;45.278
20230325;42.739
20230326;42.399
20230327;43.4
20230328;45.813
20230329;46.576
20230330;45.637
20230331;43.534
20230401;44.958
20230402;44.92
20230403;48.191
20230404;52.11
20230405;51.382
20230406;51.357
20230407;47.844
20230408;44.256
20230409;43.913
20230410;44.542
20230411;46.606
20230412;49.093
20230413;48.941
20230414;46.985
20230415;43.964
20230416;44.014
20230417;46.224
20230418;46.92
20230419;47.228
20230420;45.979
20230421;45.514
20230422;42.398
20230423;42.035
20230424;42.601
20230425;38.284
20230426;42.075
20230427;41.56
20230428;40.24
20230429;39.06
20230430;37.637
20230501;38.687
20230502;43.142
20230503;42.675
20230504;40.322
20230505;39.1
20230506;35.547
20230507;35.925
20230508;40.62
20230509;41.536
20230510;40.664
20230511;39.053
20230512;38.158
20230513;33.472
20230514;33.054
20230515;36.274
20230516;35.397
20230517;34.825
20230518;36.177
20230519;33.362
20230520;30.447
20230521;30.349
20230522;34.09
20230523;32.564
20230524;32.275
20230525;31.235
20230526;27.557
20230527;23.858
20230528;23.653
20230529;27.186
20230530;29.898
20230531;28.452
20230601;26.91
20230602;23.725
20230603;23.14
20230604;23.161
20230605;24.189
20230606;28.957
20230607;28.075
20230608;27.907
20230609;28.698
20230610;29.471
20230611;30.211
20230612;32.412
20230613;31.427
20230614;32.993
20230615;38.345
20230616;42.656
20230617;34.308
20230618;34.222
20230619;35.943
20230620;36.693
20230621;42.062
20230622;41.891
20230623;36.684
20230624;32.464
20230625;32.859
20230626;34.496
20230627;36.28
20230628;36.417
20230629;37.776
20230630;36.133
20230701;36.448
20230702;36.253
20230703;38.484
20230704;37.225
20230705;36.71
20230706;37.109
20230707;34.931
20230708;32.536
20230709;32.432
20230710;36.089
20230711;34.948
20230712;33.215
20230713;31.195
20230714;28.732
20230715;26.342
20230716;26.297
20230717;29.234
20230718;28.924
20230719;29.487
20230720;29.991
20230721;30.684
20230722;29.723
20230723;29.41
20230724;32.282
20230725;33.232
20230726;33.82
20230727;31.736
20230728;29.358
20230729;25.951
20230730;25.899
20230731;26.703
20230801;28.84
20230802;30.16
20230803;30.512
20230804;32.605
20230805;28.679
20230806;28.599
20230807;28.826
20230808;28.892
20230809;28.738
20230810;36.243
20230811;34.458
20230812;29.313
20230813;29.021
20230814;29.352
20230815;28.357
20230816;33.678
20230817;34.522
20230818;33.733
20230819;29.564
20230820;31.102
20230821;36.304
20230822;39.403
20230823;43.683
20230824;41.013
20230825;34.315
20230826;37.932
20230827;35.889
20230828;39.385
20230829;41.163
20230830;40.155
20230831;36.945
20230901;33.258
20230902;30.432
20230903;30.221
20230904;32.386
20230905;32.154
20230906;34.115
20230907;34.737
20230908;34.508
20230909;33.863
20230910;33.752
20230911;37.246
20230912;40.68
20230913;39.694
20230914;39.529
20230915;38.452
20230916;36.042
20230917;35.703
20230918;37.895
20230919;36.977
20230920;37.5
20230921;39.054
20230922;39.137
20230923;38.462
20230924;38.168
20230925;40.137
20230926;42.995
20230927;40.556
20230928;38.949
20230929;40.297
20230930;32.873
20231001;33.519
20231002;38.308
20231003;36.011
20231004;32.742
20231005;34.517
20231006;31.301
20231007;27.938
20231008;28.085
20231009;33.393
20231010;41.507
20231011;45.889
20231012;47.874
20231013;48.734
20231014;50.586
20231015;50.266
20231016;53.553
20231017;49.314
20231018;46.353
20231019;47.097
20231020;44.293
20231021;45.138
20231022;45.076
20231023;47.926
20231024;48.138
20231025;48.387
20231026;48.499
20231027;47.704
20231028;45.358
20231029;45.464
20231030;47.704
20231031;46.722
20231101;38.543
20231102;36.347
20231103;38.596
20231104;37.953
20231105;37.847
20231106;41.913
20231107;42.152
20231108;43.794
20231109;43.713
20231110;42.552
20231111;39.289
20231112;39.372
20231113;42.971
20231114;43.043
20231115;43.858
20231116;44.898
20231117;43.488
20231118;41.967
20231119;41.943
20231120;43.044
20231121;44.034
20231122;44.237
20231123;44.191
20231124;44.577
20231125;44.762
20231126;44.823
20231127;47.565
20231128;44.957
20231129;43.856
20231130;42.702
20231201;41.641
20231202;41.704
20231203;41.696
20231204;44.647
20231205;43.261
20231206;40.911
20231207;39.939
20231208;37.502
20231209;37.507
20231210;37.812
20231211;39.293
20231212;37.606
20231213;36.453
20231214;36.77
20231215;35.009
20231216;31.333
20231217;31.624
20231218;33.434
20231219;36.361
20231220;34.93
20231221;35.019
20231222;33.487
20231223;32.355
20231224;32.067
20231225;32.076
20231226;32.106
20231227;33.181
20231228;34.493
20231229;31.84
20231230;31.527
20231231;31.369
20240101;31.181
20240102;31.459
20240103;30.101
20240104;31.672
20240105;32.691
20240106;33.731
20240107;33.66
20240108;35.098
20240109;32.931
20240110;33.143
20240111;33.495
20240112;32.442
20240113;32.138
20240114;31.994
20240115;32.746
20240116;31.617
20240117;31.434
20240118;28.611
20240119;29.019
20240120;29.309
20240121;29.473
20240122;30.183
20240123;29.39
20240124;29.337
20240125;29.425
20240126;28.795
20240127;28.126
20240128;28.094
20240129;29.855
20240130;30.305
20240131;30.139
20240201;31.309
20240202;30.748
20240203;30.165
20240204;30.143
20240205;31.075
20240206;29.826
20240207;30.185
20240208;29.201
20240209;28.433
20240210;28.383
20240211;28.379
20240212;28.577
20240213;27.529
20240214;27.028
20240215;26.537
20240216;26.673
20240217;25.998
20240218;25.952
20240219;26.094
20240220;25.672
20240221;25.945
20240222;25.91
20240223;25.548
20240224;25.03
20240225;25.151
20240226;25.541
20240227;26.316
20240228;26.791
20240229;28.046
20240301;27.434
20240302;27.228
20240303;27.347
20240304;27.844
20240305;28.953
20240306;30.265
20240307;29.609
20240308;28.788
20240309;28.565
20240310;28.653
20240311;28.971
20240312;28.032
20240313;27.404
20240314;27.8
20240315;28.284
20240316;28.9
20240317;28.892
20240318;29.327
20240319;30.789
20240320;30.727
20240321;29.544
20240322;27.729
20240323;28.066
20240324;28.02
20240325;28.738
20240326;30.444
20240327;29.682
20240328;29.966
20240329;30.362
20240330;29.343
20240331;29.596
20240401;30.492
20240402;31.389
20240403;28.687
20240404;27.891
20240405;28.014
20240406;27.281
20240407;27.121
20240408;27.445
20240409;27.771
20240410;28.613
20240411;28.406
20240412;30
20240413;28.987
20240414;28.862
20240415;31.065
20240416;32.2
20240417;34.927
20240418;34.875
20240419;34.446
20240420;33.223
20240421;33.222
20240422;34.191
20240423;33.868
20240424;33.373
20240425;31.879
20240426;33.092
20240427;31.337
20240428;31.038
20240429;31.225
20240430;29.657
20240501;29.795
20240502;30.038
20240503;31.495
20240504;31.48
20240505;31.304
20240506;32.014
20240507;33.617
20240508;33.054
20240509;31.51
20240510;31.474
20240511;30.345
20240512;30.275
20240513;30.821
20240514;30.835
20240515;31.452
20240516;31.892
20240517;31.698
20240518;31.598
20240519;31.591
20240520;32.757
20240521;34.555
20240522;34.557
20240523;35.795
20240524;37.443
20240525;35.431
20240526;34.771
20240527;36.446
20240528;37.735
20240529;36.696
20240530;36.385
20240531;36.504
20240601;35.633
20240602;35.487
20240603;36.652
20240604;38.837
20240605;36.951
20240606;35.775
20240607;35.121
20240608;33.803
20240609;33.663
20240610;35.072
20240611;35.867
20240612;36.601
20240613;36.955
20240614;37.826
20240615;36.054
20240616;35.898
20240617;37.168
20240618;36.874
20240619;36.899
20240620;37.556
20240621;37.455
20240622;35.161
20240623;35.118
20240624;37.194
20240625;36.783
20240626;37.319
20240627;37.262
20240628;36.899
20240629;35.359
20240630;35.241
20240701;36.564
20240702;36.304
20240703;35.5
20240704;34.773
20240705;35.057
20240706;34.064
20240707;33.845
20240708;35.788
20240709;35.244
20240710;34.324
20240711;34.2
20240712;34.317
20240713;33.957
20240714;34.043
20240715;35.184
20240716;34.74
20240717;36.16
20240718;35.909
20240719;35.665
20240720;35.167
20240721;34.639
20240722;35.291
20240723;35.053
20240724;34.87
20240725;35.672
20240726;34.938
20240727;35.025
20240728;34.955
20240729;35.771
20240730;36.763
20240731;37.181
20240801;38.668
20240802;39.521
20240803;38.632
20240804;38.747
20240805;39.246
20240806;38.389
20240807;39.567
20240808;40.778
20240809;42.227
20240810;42.234
20240811;42.28
20240812;42.241
20240813;42.725
20240814;41.15
20240815;40.543
20240816;40.932
20240817;40.31
20240818;40.228
20240819;41.238
20240820;41.442
20240821;40.746
20240822;39.51
20240823;38.594
20240824;38.003
20240825;38.023
20240826;39.657
20240827;40.631
20240828;42.01
20240829;42.608
20240830;42.282
20240831;41.936
20240901;41.523
20240902;42.807
20240903;43.004
20240904;42.089
20240905;40.827
20240906;39.874
20240907;39.83
20240908;39.693
20240909;40.317
20240910;40.185
20240911;38.964
20240912;38.149
20240913;37.213
20240914;36.254
20240915;36.213
20240916;37.623
20240917;36.911
20240918;38.264
20240919;37.863
20240920;37.296
20240921;35.379
20240922;35.359
20240923;36.966
20240924;38.208
20240925;38.218
20240926;38.807
20240927;38.858
20240928;38.425
20240929;38.359
20240930;39.756
20241001;41.126
20241002;40.768
20241003;41.031
20241004;40.66
20241005;40.454
20241006;40.378
20241007;41.705
20241008;41.084
20241009;39.458
20241010;38.065
20241011;38.733
20241012;37.504
20241013;37.316
20241014;40.045
20241015;40.415
20241016;40.523
20241017;41.223
20241018;40.963
20241019;38.891
20241020;38.905
20241021;40.703
20241022;41.351
20241023;41.706
20241024;42.212
20241025;42.937
20241026;42.43
20241027;42.443
20241028;44.106
20241029;43.351
20241030;43.862
20241031;42.135
20241101;39.056
20241102;38.248
20241103;38.179
20241104;38.703
20241105;40.077
20241106;41.32
20241107;40.503
20241108;41.243
20241109;41.952
20241110;42.017
20241111;42.836
20241112;45.035
20241113;46.157
20241114;46.222
20241115;47.668
20241116;46.839
20241117;46.737
20241118;47.633
20241119;48.161
20241120;47.642
20241121;48.119
20241122;50.015
20241123;49.093
20241124;49.001
20241125;49.448
20241126;50.23
20241127;49.601
20241128;48.586
20241129;48.082
20241130;47.595
20241201;47.524
20241202;49.175
20241203;51.262
20241204;51.859
20241205;51.098
20241206;50.523
20241207;48.556
20241208;48.492
20241209;50.368
20241210;50.628
20241211;50.449
20241212;50.074
20241213;48.076
20241214;44.273
20241215;44.079
20241216;45.457
20241217;43.314
20241218;44.321
20241219;43.741
20241220;43.72
20241221;44.37
20241222;44.356
20241223;45.373
20241224;46.364
20241225;47.17
20241226;46.809
20241227;47.424
20241228;48.683
20241229;48.617
20241230;49.304
20241231;49.758
20250101;49.073
20250102;49.787
20250103;50.592
20250104;50.335
20250105;50.241
20250106;50.089
20250107;49.028
20250108;48.313
20250109;47.891
20250110;45.983
20250111;45.926
20250112;45.987
20250113;48.407
20250114;52.123
20250115;52.268
20250116;51.868
20250117;49.73
20250118;48.74
20250119;48.734
20250120;50.565
20250121;51.713
20250122;52.489
20250123;51.316
20250124;50.469
20250125;49.625
20250126;49.521
20250127;49.878
20250128;48.62
20250129;49.224
20250130;51.171
20250131;52.636
20250201;52.865
20250202;52.861
20250203;54.596
20250204;54.688
20250205;53.099
20250206;54.272
20250207;56.433
20250208;55.679
20250209;55.516
20250210;57.326
20250211;60.597
20250212;61.183
20250213;59.131
20250214;54.774
20250215;51.412
20250216;51.207
20250217;54.577
20250218;55.019
20250219;53.799
20250220;53.903
20250221;51.974
20250222;47.945
20250223;47.781
20250224;49.465
20250225;49.334
20250226;47.996
20250227;44.253
20250228;45.825
20250301;45.745
20250302;45.466
20250303;47.049
20250304;47.659
20250305;44.803
20250306;43.012
20250307;39.833
20250308;39.469
20250309;39.532
20250310;40.024
20250311;41.95
20250312;42.907
20250313;42.762
20250314;42.529
20250315;42.263
20250316;42.277
20250317;43.092
20250318;42.471
20250319;42.355
20250320;44.256
20250321;44.057
20250322;43.504
20250323;43.486
20250324;43.839
20250325;43.318
20250326;42.961
20250327;41.764
20250328;41.604
20250329;41.025
20250330;40.914
20250331;41.34
20250401;42.474
20250402;43.089
20250403;42.849
20250404;40.628
20250405;36.968
20250406;36.348
20250407;39.623
20250408;39.936
20250409;40.4
20250410;38.738
20250411;37.907
20250412;36.145
20250413;36.216
20250414;37.509
20250415;39.419
20250416;39.724
20250417;39.455
20250418;39.552
20250419;37.362
20250420;37.081
20250421;36.704
20250422;38.085
20250423;36.969
20250424;35.931
20250425;33.767
20250426;33.747
20250427;33.681
20250428;34.618
20250429;34.009
20250430;33.144
20250501;32.832
20250502;33.265
20250503;33.099
20250504;33.082
20250505;35.698
20250506;36.466
20250507;38.101
20250508;38.252
20250509;38.543
20250510;37.498
20250511;37.396
20250512;38.634
20250513;39.312
20250514;39.161
20250515;38.38
20250516;37.532
20250517;37.55
20250518;37.485
20250519;38.707
20250520;38.762
20250521;40.239
20250522;40.763
20250523;39.497
20250524;38.733
20250525;38.407
20250526;39.759
20250527;40.215
20250528;40.192
20250529;39.388
20250530;38.253
20250531;36.297
20250601;35.9
20250602;35.202
20250603;37.247
20250604;38.256
20250605;39.066
20250606;39.065
20250607;37.572
20250608;37.443
20250609;38.96
20250610;38.747
20250611;38.248
20250612;38.708
20250613;39.44
20250614;39.444
20250615;39.437
20250616;41.021
20250617;42.287
20250618;42.274
20250619;42.83
20250620;43.672
20250621;42.345
20250622;42.301
20250623;43.998
20250624;44.093
20250625;39.556
20250626;39.298
20250627;37.657
20250628;35.62
20250629;35.435
20250630;37.18
20250701;37.095
20250702;37.616
20250703;38.5
20250704;37.829
20250705;36.545
20250706;36.255
20250707;36.897
20250708;36.309
20250709;36.594
20250710;36.645
20250711;36.849
20250712;35.511
20250713;35.563
20250714;38.717
20250715;39.196
20250716;38.005
20250717;37.827
20250718;37.919
20250719;36.789
20250720;36.585
20250721;38.005
20250722;37.663
20250723;37.414
20250724;37.382
20250725;36.082
20250726;34.279
20250727;34.145
20250728;34.919
20250729;34.604
20250730;36.432
20250731;37.175
20250801;38.142
20250802;36.441
20250803;36.227
20250804;36.811
20250805;35.881
20250806;35.867
20250807;36.091
20250808;35.679
20250809;34.402
20250810;34.178
20250811;35.243
20250812;35.876
20250813;35.721
20250814;35.709
20250815;34.165
20250816;34.322
20250817;33.925
20250818;34.448
20250819;34.706
20250820;34.749
20250821;35.241
20250822;36.021
20250823;36.219
20250824;36.164
20250825;37.429
20250826;37.141
20250827;37.346
20250828;37.974
20250829;37.022
20250830;34.817
20250831;34.318
20250901;35.172
20250902;34.75
20250903;35.216
20250904;35.797
20250905;36.116
20250906;34.906
20250907;34.73
20250908;35.958